station,MAG_MEAN,STDEV
1,54401,1.15
2,54401,2.52
3,54400,2.08
4,54400,1.53
5,54400,3.79
6,54401,1.73
7,54398,2.08
8,54395,1.15
9,54401,2.5
10,54405,2.08
11,54420.5,3.86
11.5,54436.5,6.4
12,54487.83333,19.32
12.5,54692.83333,63.79
13,54789.25,48.3
13,54070.44444,20.55
13.5,54042.88889,57.83
14,54031.33333,9.87
14.5,54017.77778,4.03
15,54000.22222,20.7
16,54369.66667,2.22
18,54384.11111,1.15
20,54390.22222,2.08
